"","Notes","State","State.Code","Year","Year.Code","Deaths","Population","Crude.Rate","region"
"1",NA,"Alabama",1,1999,1999,169,4430141,"3.8","AL"
"2",NA,"Alaska",2,1999,1999,46,624779,"7.4","AK"
"3",NA,"Arizona",4,1999,1999,511,5023823,"10.2","AZ"
"4",NA,"Arkansas",5,1999,1999,113,2651860,"4.3","AR"
"5",NA,"California",6,1999,1999,2662,33499204,"7.9","CA"
"6",NA,"Colorado",8,1999,1999,349,4226018,"8.3","CO"
"7",NA,"Connecticut",9,1999,1999,310,3386401,"9.2","CT"
"8",NA,"Delaware",10,1999,1999,50,774990,"6.5","DE"
"9",NA,"Florida",12,1999,1999,997,15759421,"6.3","FL"
"10",NA,"Georgia",13,1999,1999,283,8045965,"3.5","GA"
"11",NA,"Hawaii",15,1999,1999,80,1210300,"6.6","HI"
"12",NA,"Idaho",16,1999,1999,64,1275674,"5","ID"
"13",NA,"Illinois",17,1999,1999,825,12359020,"6.7","IL"
"14",NA,"Indiana",18,1999,1999,191,6044969,"3.2","IN"
"15",NA,"Iowa",19,1999,1999,53,2917634,"1.8","IA"
"16",NA,"Kansas",20,1999,1999,89,2678338,"3.3","KS"
"17",NA,"Kentucky",21,1999,1999,197,4018053,"4.9","KY"
"18",NA,"Louisiana",22,1999,1999,188,4460811,"4.2","LA"
"19",NA,"Maine",23,1999,1999,67,1266808,"5.3","ME"
"20",NA,"Maryland",24,1999,1999,629,5254509,"12","MD"
"21",NA,"Massachusetts",25,1999,1999,488,6317345,"7.7","MA"
"22",NA,"Michigan",26,1999,1999,460,9897116,"4.6","MI"
"23",NA,"Minnesota",27,1999,1999,136,4873481,"2.8","MN"
"24",NA,"Mississippi",28,1999,1999,87,2828408,"3.1","MS"
"25",NA,"Missouri",29,1999,1999,276,5561948,"5","MO"
"26",NA,"Montana",30,1999,1999,41,897507,"4.6","MT"
"27",NA,"Nebraska",31,1999,1999,39,1704764,"2.3","NE"
"28",NA,"Nevada",32,1999,1999,227,1934718,"11.7","NV"
"29",NA,"New Hampshire",33,1999,1999,54,1222014,"4.4","NH"
"30",NA,"New Jersey",34,1999,1999,557,8359592,"6.7","NJ"
"31",NA,"New Mexico",35,1999,1999,266,1808082,"14.7","NM"
"32",NA,"New York",36,1999,1999,959,18882725,"5.1","NY"
"33",NA,"North Carolina",37,1999,1999,366,7949361,"4.6","NC"
"34",NA,"North Dakota",38,1999,1999,12,644259,NA,"ND"
"35",NA,"Ohio",39,1999,1999,467,11335454,"4.1","OH"
"36",NA,"Oklahoma",40,1999,1999,178,3437147,"5.2","OK"
"37",NA,"Oregon",41,1999,1999,210,3393941,"6.2","OR"
"38",NA,"Pennsylvania",42,1999,1999,990,12263805,"8.1","PA"
"39",NA,"Rhode Island",44,1999,1999,58,1040402,"5.6","RI"
"40",NA,"South Carolina",45,1999,1999,147,3974682,"3.7","SC"
"41",NA,"South Dakota",46,1999,1999,17,750412,NA,"SD"
"42",NA,"Tennessee",47,1999,1999,344,5638706,"6.1","TN"
"43",NA,"Texas",48,1999,1999,1087,20558220,"5.3","TX"
"44",NA,"Utah",49,1999,1999,205,2203482,"9.3","UT"
"45",NA,"Vermont",50,1999,1999,29,604683,"4.8","VT"
"46",NA,"Virginia",51,1999,1999,366,7000174,"5.2","VA"
"47",NA,"Washington",53,1999,1999,555,5842564,"9.5","WA"
"48",NA,"West Virginia",54,1999,1999,75,1811799,"4.1","WV"
"49",NA,"Wisconsin",55,1999,1999,212,5332666,"4","WI"
"50",NA,"Wyoming",56,1999,1999,20,491780,"4.1","WY"
"51",NA,"Alabama",1,2000,2000,197,4447100,"4.4","AL"
"52",NA,"Alaska",2,2000,2000,48,626932,"7.7","AK"
"53",NA,"Arizona",4,2000,2000,522,5130632,"10.2","AZ"
"54",NA,"Arkansas",5,2000,2000,140,2673400,"5.2","AR"
"55",NA,"California",6,2000,2000,1941,33871648,"5.7","CA"
"56",NA,"Colorado",8,2000,2000,352,4301261,"8.2","CO"
"57",NA,"Connecticut",9,2000,2000,320,3405565,"9.4","CT"
"58",NA,"Delaware",10,2000,2000,55,783600,"7","DE"
"59",NA,"Florida",12,2000,2000,1159,15982378,"7.3","FL"
"60",NA,"Georgia",13,2000,2000,364,8186453,"4.4","GA"
"61",NA,"Hawaii",15,2000,2000,63,1211537,"5.2","HI"
"62",NA,"Idaho",16,2000,2000,64,1293953,"4.9","ID"
"63",NA,"Illinois",17,2000,2000,868,12419293,"7","IL"
"64",NA,"Indiana",18,2000,2000,214,6080485,"3.5","IN"
"65",NA,"Iowa",19,2000,2000,73,2926324,"2.5","IA"
"66",NA,"Kansas",20,2000,2000,103,2688418,"3.8","KS"
"67",NA,"Kentucky",21,2000,2000,241,4041769,"6","KY"
"68",NA,"Louisiana",22,2000,2000,248,4468976,"5.5","LA"
"69",NA,"Maine",23,2000,2000,61,1274923,"4.8","ME"
"70",NA,"Maryland",24,2000,2000,623,5296486,"11.8","MD"
"71",NA,"Massachusetts",25,2000,2000,463,6349097,"7.3","MA"
"72",NA,"Michigan",26,2000,2000,561,9938444,"5.6","MI"
"73",NA,"Minnesota",27,2000,2000,130,4919479,"2.6","MN"
"74",NA,"Mississippi",28,2000,2000,114,2844658,"4","MS"
"75",NA,"Missouri",29,2000,2000,303,5595211,"5.4","MO"
"76",NA,"Montana",30,2000,2000,41,902195,"4.5","MT"
"77",NA,"Nebraska",31,2000,2000,46,1711263,"2.7","NE"
"78",NA,"Nevada",32,2000,2000,273,1998257,"13.7","NV"
"79",NA,"New Hampshire",33,2000,2000,45,1235786,"3.6","NH"
"80",NA,"New Jersey",34,2000,2000,643,8414350,"7.6","NJ"
"81",NA,"New Mexico",35,2000,2000,271,1819046,"14.9","NM"
"82",NA,"New York",36,2000,2000,767,18976457,"4","NY"
"83",NA,"North Carolina",37,2000,2000,491,8049313,"6.1","NC"
"84",NA,"North Dakota",38,2000,2000,14,642200,NA,"ND"
"85",NA,"Ohio",39,2000,2000,563,11353140,"5","OH"
"86",NA,"Oklahoma",40,2000,2000,237,3450654,"6.9","OK"
"87",NA,"Oregon",41,2000,2000,208,3421399,"6.1","OR"
"88",NA,"Pennsylvania",42,2000,2000,1147,12281054,"9.3","PA"
"89",NA,"Rhode Island",44,2000,2000,74,1048319,"7.1","RI"
"90",NA,"South Carolina",45,2000,2000,258,4012012,"6.4","SC"
"91",NA,"South Dakota",46,2000,2000,20,754844,"2.6","SD"
"92",NA,"Tennessee",47,2000,2000,397,5689283,"7","TN"
"93",NA,"Texas",48,2000,2000,1021,20851820,"4.9","TX"
"94",NA,"Utah",49,2000,2000,210,2233169,"9.4","UT"
"95",NA,"Vermont",50,2000,2000,36,608827,"5.9","VT"
"96",NA,"Virginia",51,2000,2000,411,7078515,"5.8","VA"
"97",NA,"Washington",53,2000,2000,556,5894121,"9.4","WA"
"98",NA,"West Virginia",54,2000,2000,113,1808344,"6.2","WV"
"99",NA,"Wisconsin",55,2000,2000,248,5363675,"4.6","WI"
"100",NA,"Wyoming",56,2000,2000,22,493782,"4.5","WY"
"101",NA,"Alabama",1,2001,2001,216,4467634,"4.8","AL"
"102",NA,"Alaska",2,2001,2001,62,633714,"9.8","AK"
"103",NA,"Arizona",4,2001,2001,552,5273477,"10.5","AZ"
"104",NA,"Arkansas",5,2001,2001,126,2691571,"4.7","AR"
"105",NA,"California",6,2001,2001,1226,34479458,"3.6","CA"
"106",NA,"Colorado",8,2001,2001,411,4425687,"9.3","CO"
"107",NA,"Connecticut",9,2001,2001,307,3432835,"8.9","CT"
"108",NA,"Delaware",10,2001,2001,64,795699,"8","DE"
"109",NA,"Florida",12,2001,2001,1746,16356966,"10.7","FL"
"110",NA,"Georgia",13,2001,2001,511,8377038,"6.1","GA"
"111",NA,"Hawaii",15,2001,2001,77,1225948,"6.3","HI"
"112",NA,"Idaho",16,2001,2001,98,1319962,"7.4","ID"
"113",NA,"Illinois",17,2001,2001,892,12488445,"7.1","IL"
"114",NA,"Indiana",18,2001,2001,283,6127760,"4.6","IN"
"115",NA,"Iowa",19,2001,2001,87,2931997,"3","IA"
"116",NA,"Kansas",20,2001,2001,138,2702162,"5.1","KS"
"117",NA,"Kentucky",21,2001,2001,345,4068132,"8.5","KY"
"118",NA,"Louisiana",22,2001,2001,265,4477875,"5.9","LA"
"119",NA,"Maine",23,2001,2001,85,1285692,"6.6","ME"
"120",NA,"Maryland",24,2001,2001,639,5374691,"11.9","MD"
"121",NA,"Massachusetts",25,2001,2001,689,6397634,"10.8","MA"
"122",NA,"Michigan",26,2001,2001,621,9991120,"6.2","MI"
"123",NA,"Minnesota",27,2001,2001,185,4982796,"3.7","MN"
"124",NA,"Mississippi",28,2001,2001,169,2852994,"5.9","MS"
"125",NA,"Missouri",29,2001,2001,351,5641142,"6.2","MO"
"126",NA,"Montana",30,2001,2001,56,906961,"6.2","MT"
"127",NA,"Nebraska",31,2001,2001,66,1719836,"3.8","NE"
"128",NA,"Nevada",32,2001,2001,261,2098399,"12.4","NV"
"129",NA,"New Hampshire",33,2001,2001,79,1255517,"6.3","NH"
"130",NA,"New Jersey",34,2001,2001,705,8492671,"8.3","NJ"
"131",NA,"New Mexico",35,2001,2001,258,1831690,"14.1","NM"
"132",NA,"New York",36,2001,2001,1079,19082838,"5.7","NY"
"133",NA,"North Carolina",37,2001,2001,551,8210122,"6.7","NC"
"134",NA,"North Dakota",38,2001,2001,14,639062,NA,"ND"
"135",NA,"Ohio",39,2001,2001,737,11387404,"6.5","OH"
"136",NA,"Oklahoma",40,2001,2001,269,3467100,"7.8","OK"
"137",NA,"Oregon",41,2001,2001,241,3467937,"6.9","OR"
"138",NA,"Pennsylvania",42,2001,2001,958,12298970,"7.8","PA"
"139",NA,"Rhode Island",44,2001,2001,110,1057142,"10.4","RI"
"140",NA,"South Carolina",45,2001,2001,242,4064995,"6","SC"
"141",NA,"South Dakota",46,2001,2001,24,757972,"3.2","SD"
"142",NA,"Tennessee",47,2001,2001,424,5750789,"7.4","TN"
"143",NA,"Texas",48,2001,2001,1374,21319622,"6.4","TX"
"144",NA,"Utah",49,2001,2001,209,2283715,"9.2","UT"
"145",NA,"Vermont",50,2001,2001,44,612223,"7.2","VT"
"146",NA,"Virginia",51,2001,2001,459,7198362,"6.4","VA"
"147",NA,"Washington",53,2001,2001,499,5985722,"8.3","WA"
"148",NA,"West Virginia",54,2001,2001,206,1801481,"11.4","WV"
"149",NA,"Wisconsin",55,2001,2001,269,5406835,"5","WI"
"150",NA,"Wyoming",56,2001,2001,22,494657,"4.4","WY"
"151",NA,"Alabama",1,2002,2002,211,4480089,"4.7","AL"
"152",NA,"Alaska",2,2002,2002,84,642337,"13.1","AK"
"153",NA,"Arizona",4,2002,2002,624,5396255,"11.6","AZ"
"154",NA,"Arkansas",5,2002,2002,176,2705927,"6.5","AR"
"155",NA,"California",6,2002,2002,2975,34871843,"8.5","CA"
"156",NA,"Colorado",8,2002,2002,448,4490406,"10","CO"
"157",NA,"Connecticut",9,2002,2002,354,3458749,"10.2","CT"
"158",NA,"Delaware",10,2002,2002,84,806169,"10.4","DE"
"159",NA,"Florida",12,2002,2002,1927,16689370,"11.5","FL"
"160",NA,"Georgia",13,2002,2002,563,8508256,"6.6","GA"
"161",NA,"Hawaii",15,2002,2002,77,1239613,"6.2","HI"
"162",NA,"Idaho",16,2002,2002,117,1340372,"8.7","ID"
"163",NA,"Illinois",17,2002,2002,986,12525556,"7.9","IL"
"164",NA,"Indiana",18,2002,2002,293,6155967,"4.8","IN"
"165",NA,"Iowa",19,2002,2002,91,2934234,"3.1","IA"
"166",NA,"Kansas",20,2002,2002,170,2713535,"6.3","KS"
"167",NA,"Kentucky",21,2002,2002,426,4089875,"10.4","KY"
"168",NA,"Louisiana",22,2002,2002,365,4497267,"8.1","LA"
"169",NA,"Maine",23,2002,2002,139,1295960,"10.7","ME"
"170",NA,"Maryland",24,2002,2002,723,5440389,"13.3","MD"
"171",NA,"Massachusetts",25,2002,2002,705,6417206,"11","MA"
"172",NA,"Michigan",26,2002,2002,751,10015710,"7.5","MI"
"173",NA,"Minnesota",27,2002,2002,201,5018935,"4","MN"
"174",NA,"Mississippi",28,2002,2002,183,2858681,"6.4","MS"
"175",NA,"Missouri",29,2002,2002,416,5674825,"7.3","MO"
"176",NA,"Montana",30,2002,2002,78,911667,"8.6","MT"
"177",NA,"Nebraska",31,2002,2002,66,1728292,"3.8","NE"
"178",NA,"Nevada",32,2002,2002,323,2173791,"14.9","NV"
"179",NA,"New Hampshire",33,2002,2002,111,1269089,"8.7","NH"
"180",NA,"New Jersey",34,2002,2002,813,8552643,"9.5","NJ"
"181",NA,"New Mexico",35,2002,2002,287,1855309,"15.5","NM"
"182",NA,"New York",36,2002,2002,923,19137800,"4.8","NY"
"183",NA,"North Carolina",37,2002,2002,647,8326201,"7.8","NC"
"184",NA,"North Dakota",38,2002,2002,17,638168,NA,"ND"
"185",NA,"Ohio",39,2002,2002,931,11407889,"8.2","OH"
"186",NA,"Oklahoma",40,2002,2002,240,3489080,"6.9","OK"
"187",NA,"Oregon",41,2002,2002,318,3513424,"9.1","OR"
"188",NA,"Pennsylvania",42,2002,2002,1097,12331031,"8.9","PA"
"189",NA,"Rhode Island",44,2002,2002,99,1065995,"9.3","RI"
"190",NA,"South Carolina",45,2002,2002,217,4107795,"5.3","SC"
"191",NA,"South Dakota",46,2002,2002,22,760020,"2.9","SD"
"192",NA,"Tennessee",47,2002,2002,491,5795918,"8.5","TN"
"193",NA,"Texas",48,2002,2002,1598,21690325,"7.4","TX"
"194",NA,"Utah",49,2002,2002,288,2324815,"12.4","UT"
"195",NA,"Vermont",50,2002,2002,47,615442,"7.6","VT"
"196",NA,"Virginia",51,2002,2002,509,7286873,"7","VA"
"197",NA,"Washington",53,2002,2002,643,6052349,"10.6","WA"
"198",NA,"West Virginia",54,2002,2002,229,1805414,"12.7","WV"
"199",NA,"Wisconsin",55,2002,2002,340,5445162,"6.2","WI"
"200",NA,"Wyoming",56,2002,2002,34,500017,"6.8","WY"
"201",NA,"Alabama",1,2003,2003,197,4503491,"4.4","AL"
"202",NA,"Alaska",2,2003,2003,83,648414,"12.8","AK"
"203",NA,"Arizona",4,2003,2003,674,5510364,"12.2","AZ"
"204",NA,"Arkansas",5,2003,2003,184,2724816,"6.8","AR"
"205",NA,"California",6,2003,2003,3108,35253159,"8.8","CA"
"206",NA,"Colorado",8,2003,2003,502,4528732,"11.1","CO"
"207",NA,"Connecticut",9,2003,2003,307,3484336,"8.8","CT"
"208",NA,"Delaware",10,2003,2003,77,818003,"9.4","DE"
"209",NA,"Florida",12,2003,2003,2054,17004085,"12.1","FL"
"210",NA,"Georgia",13,2003,2003,607,8622793,"7","GA"
"211",NA,"Hawaii",15,2003,2003,92,1251154,"7.4","HI"
"212",NA,"Idaho",16,2003,2003,102,1363380,"7.5","ID"
"213",NA,"Illinois",17,2003,2003,847,12556006,"6.7","IL"
"214",NA,"Indiana",18,2003,2003,434,6196638,"7","IN"
"215",NA,"Iowa",19,2003,2003,96,2941999,"3.3","IA"
"216",NA,"Kansas",20,2003,2003,188,2723004,"6.9","KS"
"217",NA,"Kentucky",21,2003,2003,560,4117170,"13.6","KY"
"218",NA,"Louisiana",22,2003,2003,536,4521042,"11.9","LA"
"219",NA,"Maine",23,2003,2003,133,1306513,"10.2","ME"
"220",NA,"Maryland",24,2003,2003,779,5496269,"14.2","MD"
"221",NA,"Massachusetts",25,2003,2003,823,6422565,"12.8","MA"
"222",NA,"Michigan",26,2003,2003,761,10041152,"7.6","MI"
"223",NA,"Minnesota",27,2003,2003,246,5053572,"4.9","MN"
"224",NA,"Mississippi",28,2003,2003,207,2868312,"7.2","MS"
"225",NA,"Missouri",29,2003,2003,522,5709403,"9.1","MO"
"226",NA,"Montana",30,2003,2003,93,919630,"10.1","MT"
"227",NA,"Nebraska",31,2003,2003,55,1738643,"3.2","NE"
"228",NA,"Nevada",32,2003,2003,342,2248850,"15.2","NV"
"229",NA,"New Hampshire",33,2003,2003,127,1279840,"9.9","NH"
"230",NA,"New Jersey",34,2003,2003,721,8601402,"8.4","NJ"
"231",NA,"New Mexico",35,2003,2003,358,1877574,"19.1","NM"
"232",NA,"New York",36,2003,2003,964,19175939,"5","NY"
"233",NA,"North Carolina",37,2003,2003,762,8422501,"9","NC"
"234",NA,"North Dakota",38,2003,2003,22,638817,"3.4","ND"
"235",NA,"Ohio",39,2003,2003,775,11434788,"6.8","OH"
"236",NA,"Oklahoma",40,2003,2003,400,3504892,"11.4","OK"
"237",NA,"Oregon",41,2003,2003,355,3547376,"10","OR"
"238",NA,"Pennsylvania",42,2003,2003,1381,12374658,"11.2","PA"
"239",NA,"Rhode Island",44,2003,2003,146,1071342,"13.6","RI"
"240",NA,"South Carolina",45,2003,2003,287,4150297,"6.9","SC"
"241",NA,"South Dakota",46,2003,2003,24,763729,"3.1","SD"
"242",NA,"Tennessee",47,2003,2003,662,5847812,"11.3","TN"
"243",NA,"Texas",48,2003,2003,1753,22030931,"8","TX"
"244",NA,"Utah",49,2003,2003,353,2360137,"15","UT"
"245",NA,"Vermont",50,2003,2003,65,617858,"10.5","VT"
"246",NA,"Virginia",51,2003,2003,547,7366977,"7.4","VA"
"247",NA,"Washington",53,2003,2003,696,6104115,"11.4","WA"
"248",NA,"West Virginia",54,2003,2003,262,1812295,"14.5","WV"
"249",NA,"Wisconsin",55,2003,2003,383,5479203,"7","WI"
"250",NA,"Wyoming",56,2003,2003,30,503453,"6","WY"
"251",NA,"Alabama",1,2004,2004,283,4530729,"6.2","AL"
"252",NA,"Alaska",2,2004,2004,86,659286,"13","AK"
"253",NA,"Arizona",4,2004,2004,744,5652404,"13.2","AZ"
"254",NA,"Arkansas",5,2004,2004,230,2749686,"8.4","AR"
"255",NA,"California",6,2004,2004,3125,35574576,"8.8","CA"
"256",NA,"Colorado",8,2004,2004,518,4575013,"11.3","CO"
"257",NA,"Connecticut",9,2004,2004,333,3496094,"9.5","CT"
"258",NA,"Delaware",10,2004,2004,63,830803,"7.6","DE"
"259",NA,"Florida",12,2004,2004,2264,17415318,"13","FL"
"260",NA,"Georgia",13,2004,2004,666,8769252,"7.6","GA"
"261",NA,"Hawaii",15,2004,2004,103,1273569,"8.1","HI"
"262",NA,"Idaho",16,2004,2004,98,1391802,"7","ID"
"263",NA,"Illinois",17,2004,2004,1035,12589773,"8.2","IL"
"264",NA,"Indiana",18,2004,2004,542,6233007,"8.7","IN"
"265",NA,"Iowa",19,2004,2004,122,2953635,"4.1","IA"
"266",NA,"Kansas",20,2004,2004,224,2734373,"8.2","KS"
"267",NA,"Kentucky",21,2004,2004,526,4146101,"12.7","KY"
"268",NA,"Louisiana",22,2004,2004,539,4552238,"11.8","LA"
"269",NA,"Maine",23,2004,2004,140,1313688,"10.7","ME"
"270",NA,"Maryland",24,2004,2004,676,5546935,"12.2","MD"
"271",NA,"Massachusetts",25,2004,2004,669,6412281,"10.4","MA"
"272",NA,"Michigan",26,2004,2004,867,10055315,"8.6","MI"
"273",NA,"Minnesota",27,2004,2004,250,5087713,"4.9","MN"
"274",NA,"Mississippi",28,2004,2004,224,2889010,"7.8","MS"
"275",NA,"Missouri",29,2004,2004,548,5747741,"9.5","MO"
"276",NA,"Montana",30,2004,2004,98,930009,"10.5","MT"
"277",NA,"Nebraska",31,2004,2004,59,1749370,"3.4","NE"
"278",NA,"Nevada",32,2004,2004,380,2346222,"16.2","NV"
"279",NA,"New Hampshire",33,2004,2004,124,1290121,"9.6","NH"
"280",NA,"New Jersey",34,2004,2004,590,8634561,"6.8","NJ"
"281",NA,"New Mexico",35,2004,2004,314,1903808,"16.5","NM"
"282",NA,"New York",36,2004,2004,831,19171567,"4.3","NY"
"283",NA,"North Carolina",37,2004,2004,854,8553152,"10","NC"
"284",NA,"North Dakota",38,2004,2004,17,644705,NA,"ND"
"285",NA,"Ohio",39,2004,2004,1136,11452251,"9.9","OH"
"286",NA,"Oklahoma",40,2004,2004,476,3525233,"13.5","OK"
"287",NA,"Oregon",41,2004,2004,365,3569463,"10.2","OR"
"288",NA,"Pennsylvania",42,2004,2004,1544,12410722,"12.4","PA"
"289",NA,"Rhode Island",44,2004,2004,106,1074579,"9.9","RI"
"290",NA,"South Carolina",45,2004,2004,356,4210921,"8.5","SC"
"291",NA,"South Dakota",46,2004,2004,43,770396,"5.6","SD"
"292",NA,"Tennessee",47,2004,2004,763,5910809,"12.9","TN"
"293",NA,"Texas",48,2004,2004,1813,22394023,"8.1","TX"
"294",NA,"Utah",49,2004,2004,358,2401580,"14.9","UT"
"295",NA,"Vermont",50,2004,2004,50,619920,"8.1","VT"
"296",NA,"Virginia",51,2004,2004,558,7475575,"7.5","VA"
"297",NA,"Washington",53,2004,2004,811,6178645,"13.1","WA"
"298",NA,"West Virginia",54,2004,2004,333,1816438,"18.3","WV"
"299",NA,"Wisconsin",55,2004,2004,437,5514026,"7.9","WI"
"300",NA,"Wyoming",56,2004,2004,46,509106,"9","WY"
"301",NA,"Alabama",1,2005,2005,283,4569805,"6.2","AL"
"302",NA,"Alaska",2,2005,2005,79,666946,"11.8","AK"
"303",NA,"Arizona",4,2005,2005,794,5839077,"13.6","AZ"
"304",NA,"Arkansas",5,2005,2005,269,2781097,"9.7","AR"
"305",NA,"California",6,2005,2005,3214,35827943,"9","CA"
"306",NA,"Colorado",8,2005,2005,608,4631888,"13.1","CO"
"307",NA,"Connecticut",9,2005,2005,295,3506956,"8.4","CT"
"308",NA,"Delaware",10,2005,2005,62,845150,"7.3","DE"
"309",NA,"Florida",12,2005,2005,2371,17842038,"13.3","FL"
"310",NA,"Georgia",13,2005,2005,738,8925922,"8.3","GA"
"311",NA,"Hawaii",15,2005,2005,126,1292729,"9.7","HI"
"312",NA,"Idaho",16,2005,2005,109,1428241,"7.6","ID"
"313",NA,"Illinois",17,2005,2005,1067,12609903,"8.5","IL"
"314",NA,"Indiana",18,2005,2005,610,6278616,"9.7","IN"
"315",NA,"Iowa",19,2005,2005,141,2964454,"4.8","IA"
"316",NA,"Kansas",20,2005,2005,241,2745299,"8.8","KS"
"317",NA,"Kentucky",21,2005,2005,638,4182742,"15.3","KY"
"318",NA,"Louisiana",22,2005,2005,661,4576628,"14.4","LA"
"319",NA,"Maine",23,2005,2005,163,1318787,"12.4","ME"
"320",NA,"Maryland",24,2005,2005,656,5592379,"11.7","MD"
"321",NA,"Massachusetts",25,2005,2005,780,6403290,"12.2","MA"
"322",NA,"Michigan",26,2005,2005,985,10051137,"9.8","MI"
"323",NA,"Minnesota",27,2005,2005,282,5119598,"5.5","MN"
"324",NA,"Mississippi",28,2005,2005,248,2905943,"8.5","MS"
"325",NA,"Missouri",29,2005,2005,608,5790300,"10.5","MO"
"326",NA,"Montana",30,2005,2005,96,940102,"10.2","MT"
"327",NA,"Nebraska",31,2005,2005,86,1761497,"4.9","NE"
"328",NA,"Nevada",32,2005,2005,457,2432143,"18.8","NV"
"329",NA,"New Hampshire",33,2005,2005,142,1298492,"10.9","NH"
"330",NA,"New Jersey",34,2005,2005,823,8651974,"9.5","NJ"
"331",NA,"New Mexico",35,2005,2005,373,1932274,"19.3","NM"
"332",NA,"New York",36,2005,2005,944,19132610,"4.9","NY"
"333",NA,"North Carolina",37,2005,2005,1000,8705407,"11.5","NC"
"334",NA,"North Dakota",38,2005,2005,12,646089,NA,"ND"
"335",NA,"Ohio",39,2005,2005,1243,11463320,"10.8","OH"
"336",NA,"Oklahoma",40,2005,2005,478,3548597,"13.5","OK"
"337",NA,"Oregon",41,2005,2005,386,3613202,"10.7","OR"
"338",NA,"Pennsylvania",42,2005,2005,1613,12449990,"13","PA"
"339",NA,"Rhode Island",44,2005,2005,156,1067916,"14.6","RI"
"340",NA,"South Carolina",45,2005,2005,427,4270150,"10","SC"
"341",NA,"South Dakota",46,2005,2005,40,775493,"5.2","SD"
"342",NA,"Tennessee",47,2005,2005,872,5991057,"14.6","TN"
"343",NA,"Texas",48,2005,2005,1910,22778123,"8.4","TX"
"344",NA,"Utah",49,2005,2005,438,2457719,"17.8","UT"
"345",NA,"Vermont",50,2005,2005,53,621215,"8.5","VT"
"346",NA,"Virginia",51,2005,2005,581,7577105,"7.7","VA"
"347",NA,"Washington",53,2005,2005,850,6257305,"13.6","WA"
"348",NA,"West Virginia",54,2005,2005,184,1820492,"10.1","WV"
"349",NA,"Wisconsin",55,2005,2005,518,5546166,"9.3","WI"
"350",NA,"Wyoming",56,2005,2005,26,514157,"5.1","WY"
"351",NA,"Alabama",1,2006,2006,398,4628981,"8.6","AL"
"352",NA,"Alaska",2,2006,2006,76,675302,"11.3","AK"
"353",NA,"Arizona",4,2006,2006,876,6029141,"14.5","AZ"
"354",NA,"Arkansas",5,2006,2006,285,2821761,"10.1","AR"
"355",NA,"California",6,2006,2006,3494,36021202,"9.7","CA"
"356",NA,"Colorado",8,2006,2006,627,4720423,"13.3","CO"
"357",NA,"Connecticut",9,2006,2006,407,3517460,"11.6","CT"
"358",NA,"Delaware",10,2006,2006,78,859268,"9.1","DE"
"359",NA,"Florida",12,2006,2006,2591,18166990,"14.3","FL"
"360",NA,"Georgia",13,2006,2006,830,9155813,"9.1","GA"
"361",NA,"Hawaii",15,2006,2006,86,1309731,"6.6","HI"
"362",NA,"Idaho",16,2006,2006,130,1468669,"8.9","ID"
"363",NA,"Illinois",17,2006,2006,1369,12643955,"10.8","IL"
"364",NA,"Indiana",18,2006,2006,736,6332669,"11.6","IN"
"365",NA,"Iowa",19,2006,2006,187,2982644,"6.3","IA"
"366",NA,"Kansas",20,2006,2006,257,2762931,"9.3","KS"
"367",NA,"Kentucky",21,2006,2006,728,4219239,"17.3","KY"
"368",NA,"Louisiana",22,2006,2006,705,4302665,"16.4","LA"
"369",NA,"Maine",23,2006,2006,159,1323619,"12","ME"
"370",NA,"Maryland",24,2006,2006,762,5627367,"13.5","MD"
"371",NA,"Massachusetts",25,2006,2006,970,6410084,"15.1","MA"
"372",NA,"Michigan",26,2006,2006,1176,10036081,"11.7","MI"
"373",NA,"Minnesota",27,2006,2006,311,5163555,"6","MN"
"374",NA,"Mississippi",28,2006,2006,339,2904978,"11.7","MS"
"375",NA,"Missouri",29,2006,2006,743,5842704,"12.7","MO"
"376",NA,"Montana",30,2006,2006,97,952692,"10.2","MT"
"377",NA,"Nebraska",31,2006,2006,91,1772693,"5.1","NE"
"378",NA,"Nevada",32,2006,2006,461,2522658,"18.3","NV"
"379",NA,"New Hampshire",33,2006,2006,149,1308389,"11.4","NH"
"380",NA,"New Jersey",34,2006,2006,847,8661679,"9.8","NJ"
"381",NA,"New Mexico",35,2006,2006,418,1962137,"21.3","NM"
"382",NA,"New York",36,2006,2006,1680,19104631,"8.8","NY"
"383",NA,"North Carolina",37,2006,2006,1059,8917270,"11.9","NC"
"384",NA,"North Dakota",38,2006,2006,14,649422,NA,"ND"
"385",NA,"Ohio",39,2006,2006,1515,11481213,"13.2","OH"
"386",NA,"Oklahoma",40,2006,2006,563,3594090,"15.7","OK"
"387",NA,"Oregon",41,2006,2006,485,3670883,"13.2","OR"
"388",NA,"Pennsylvania",42,2006,2006,1638,12510809,"13.1","PA"
"389",NA,"Rhode Island",44,2006,2006,175,1063096,"16.5","RI"
"390",NA,"South Carolina",45,2006,2006,554,4357847,"12.7","SC"
"391",NA,"South Dakota",46,2006,2006,37,783033,"4.7","SD"
"392",NA,"Tennessee",47,2006,2006,975,6088766,"16","TN"
"393",NA,"Texas",48,2006,2006,2191,23359580,"9.4","TX"
"394",NA,"Utah",49,2006,2006,444,2525507,"17.6","UT"
"395",NA,"Vermont",50,2006,2006,75,622892,"12","VT"
"396",NA,"Virginia",51,2006,2006,629,7673725,"8.2","VA"
"397",NA,"Washington",53,2006,2006,897,6370753,"14.1","WA"
"398",NA,"West Virginia",54,2006,2006,362,1827912,"19.8","WV"
"399",NA,"Wisconsin",55,2006,2006,593,5577655,"10.6","WI"
"400",NA,"Wyoming",56,2006,2006,55,522667,"10.5","WY"
"401",NA,"Alabama",1,2007,2007,511,4672840,"10.9","AL"
"402",NA,"Alaska",2,2007,2007,72,680300,"10.6","AK"
"403",NA,"Arizona",4,2007,2007,943,6167681,"15.3","AZ"
"404",NA,"Arkansas",5,2007,2007,301,2848650,"10.6","AR"
"405",NA,"California",6,2007,2007,3854,36250311,"10.6","CA"
"406",NA,"Colorado",8,2007,2007,734,4803868,"15.3","CO"
"407",NA,"Connecticut",9,2007,2007,433,3527270,"12.3","CT"
"408",NA,"Delaware",10,2007,2007,97,871749,"11.1","DE"
"409",NA,"Florida",12,2007,2007,2794,18367842,"15.2","FL"
"410",NA,"Georgia",13,2007,2007,923,9349988,"9.9","GA"
"411",NA,"Hawaii",15,2007,2007,136,1315675,"10.3","HI"
"412",NA,"Idaho",16,2007,2007,126,1505105,"8.4","ID"
"413",NA,"Illinois",17,2007,2007,1192,12695866,"9.4","IL"
"414",NA,"Indiana",18,2007,2007,781,6379599,"12.2","IN"
"415",NA,"Iowa",19,2007,2007,203,2999212,"6.8","IA"
"416",NA,"Kansas",20,2007,2007,270,2783785,"9.7","KS"
"417",NA,"Kentucky",21,2007,2007,708,4256672,"16.6","KY"
"418",NA,"Louisiana",22,2007,2007,808,4375581,"18.5","LA"
"419",NA,"Maine",23,2007,2007,159,1327040,"12","ME"
"420",NA,"Maryland",24,2007,2007,769,5653408,"13.6","MD"
"421",NA,"Massachusetts",25,2007,2007,922,6431559,"14.3","MA"
"422",NA,"Michigan",26,2007,2007,1236,10001284,"12.4","MI"
"423",NA,"Minnesota",27,2007,2007,341,5207203,"6.5","MN"
"424",NA,"Mississippi",28,2007,2007,314,2928350,"10.7","MS"
"425",NA,"Missouri",29,2007,2007,714,5887612,"12.1","MO"
"426",NA,"Montana",30,2007,2007,125,964706,"13","MT"
"427",NA,"Nebraska",31,2007,2007,80,1783440,"4.5","NE"
"428",NA,"Nevada",32,2007,2007,499,2601072,"19.2","NV"
"429",NA,"New Hampshire",33,2007,2007,186,1312540,"14.2","NH"
"430",NA,"New Jersey",34,2007,2007,727,8677885,"8.4","NJ"
"431",NA,"New Mexico",35,2007,2007,462,1990070,"23.2","NM"
"432",NA,"New York",36,2007,2007,1708,19132335,"8.9","NY"
"433",NA,"North Carolina",37,2007,2007,1084,9118037,"11.9","NC"
"434",NA,"North Dakota",38,2007,2007,32,652822,"4.9","ND"
"435",NA,"Ohio",39,2007,2007,1592,11500468,"13.8","OH"
"436",NA,"Oklahoma",40,2007,2007,666,3634349,"18.3","OK"
"437",NA,"Oregon",41,2007,2007,502,3722417,"13.5","OR"
"438",NA,"Pennsylvania",42,2007,2007,1733,12563937,"13.8","PA"
"439",NA,"Rhode Island",44,2007,2007,135,1057315,"12.8","RI"
"440",NA,"South Carolina",45,2007,2007,545,4444110,"12.3","SC"
"441",NA,"South Dakota",46,2007,2007,32,791623,"4","SD"
"442",NA,"Tennessee",47,2007,2007,985,6175727,"15.9","TN"
"443",NA,"Texas",48,2007,2007,2194,23831983,"9.2","TX"
"444",NA,"Utah",49,2007,2007,511,2597746,"19.7","UT"
"445",NA,"Vermont",50,2007,2007,66,623481,"10.6","VT"
"446",NA,"Virginia",51,2007,2007,700,7751000,"9","VA"
"447",NA,"Washington",53,2007,2007,962,6461587,"14.9","WA"
"448",NA,"West Virginia",54,2007,2007,397,1834052,"21.6","WV"
"449",NA,"Wisconsin",55,2007,2007,622,5610775,"11.1","WI"
"450",NA,"Wyoming",56,2007,2007,63,534876,"11.8","WY"
"451",NA,"Alabama",1,2008,2008,607,4718206,"12.9","AL"
"452",NA,"Alaska",2,2008,2008,127,687455,"18.5","AK"
"453",NA,"Arizona",4,2008,2008,828,6280362,"13.2","AZ"
"454",NA,"Arkansas",5,2008,2008,360,2874554,"12.5","AR"
"455",NA,"California",6,2008,2008,3863,36604337,"10.6","CA"
"456",NA,"Colorado",8,2008,2008,749,4889730,"15.3","CO"
"457",NA,"Connecticut",9,2008,2008,386,3545579,"10.9","CT"
"458",NA,"Delaware",10,2008,2008,124,883874,"14","DE"
"459",NA,"Florida",12,2008,2008,2963,18527305,"16","FL"
"460",NA,"Georgia",13,2008,2008,935,9504843,"9.8","GA"
"461",NA,"Hawaii",15,2008,2008,123,1332213,"9.2","HI"
"462",NA,"Idaho",16,2008,2008,146,1534320,"9.5","ID"
"463",NA,"Illinois",17,2008,2008,1353,12747038,"10.6","IL"
"464",NA,"Indiana",18,2008,2008,830,6424806,"12.9","IN"
"465",NA,"Iowa",19,2008,2008,209,3016734,"6.9","IA"
"466",NA,"Kansas",20,2008,2008,219,2808076,"7.8","KS"
"467",NA,"Kentucky",21,2008,2008,764,4289878,"17.8","KY"
"468",NA,"Louisiana",22,2008,2008,647,4435586,"14.6","LA"
"469",NA,"Maine",23,2008,2008,162,1330509,"12.2","ME"
"470",NA,"Maryland",24,2008,2008,693,5684965,"12.2","MD"
"471",NA,"Massachusetts",25,2008,2008,786,6468967,"12.2","MA"
"472",NA,"Michigan",26,2008,2008,1239,9946889,"12.5","MI"
"473",NA,"Minnesota",27,2008,2008,384,5247018,"7.3","MN"
"474",NA,"Mississippi",28,2008,2008,303,2947806,"10.3","MS"
"475",NA,"Missouri",29,2008,2008,765,5923916,"12.9","MO"
"476",NA,"Montana",30,2008,2008,134,976415,"13.7","MT"
"477",NA,"Nebraska",31,2008,2008,94,1796378,"5.2","NE"
"478",NA,"Nevada",32,2008,2008,519,2653630,"19.6","NV"
"479",NA,"New Hampshire",33,2008,2008,126,1315906,"9.6","NH"
"480",NA,"New Jersey",34,2008,2008,702,8711090,"8.1","NJ"
"481",NA,"New Mexico",35,2008,2008,518,2010662,"25.8","NM"
"482",NA,"New York",36,2008,2008,1691,19212436,"8.8","NY"
"483",NA,"North Carolina",37,2008,2008,1196,9309449,"12.8","NC"
"484",NA,"North Dakota",38,2008,2008,46,657569,"7","ND"
"485",NA,"Ohio",39,2008,2008,1733,11515391,"15","OH"
"486",NA,"Oklahoma",40,2008,2008,564,3668976,"15.4","OK"
"487",NA,"Oregon",41,2008,2008,452,3768748,"12","OR"
"488",NA,"Pennsylvania",42,2008,2008,1850,12612285,"14.7","PA"
"489",NA,"Rhode Island",44,2008,2008,185,1055003,"17.5","RI"
"490",NA,"South Carolina",45,2008,2008,565,4528996,"12.5","SC"
"491",NA,"South Dakota",46,2008,2008,54,799124,"6.8","SD"
"492",NA,"Tennessee",47,2008,2008,938,6247411,"15","TN"
"493",NA,"Texas",48,2008,2008,2053,24309039,"8.4","TX"
"494",NA,"Utah",49,2008,2008,468,2663029,"17.6","UT"
"495",NA,"Vermont",50,2008,2008,73,624151,"11.7","VT"
"496",NA,"Virginia",51,2008,2008,718,7833496,"9.2","VA"
"497",NA,"Washington",53,2008,2008,1011,6562231,"15.4","WA"
"498",NA,"West Virginia",54,2008,2008,459,1840310,"24.9","WV"
"499",NA,"Wisconsin",55,2008,2008,606,5640996,"10.7","WI"
"500",NA,"Wyoming",56,2008,2008,74,546043,"13.6","WY"
"501",NA,"Alabama",1,2009,2009,630,4757938,"13.2","AL"
"502",NA,"Alaska",2,2009,2009,131,698895,"18.7","AK"
"503",NA,"Arizona",4,2009,2009,1002,6343154,"15.8","AZ"
"504",NA,"Arkansas",5,2009,2009,351,2896843,"12.1","AR"
"505",NA,"California",6,2009,2009,4056,36961229,"11","CA"
"506",NA,"Colorado",8,2009,2009,769,4972195,"15.5","CO"
"507",NA,"Connecticut",9,2009,2009,393,3561807,"11","CT"
"508",NA,"Delaware",10,2009,2009,136,891730,"15.3","DE"
"509",NA,"Florida",12,2009,2009,3092,18652644,"16.6","FL"
"510",NA,"Georgia",13,2009,2009,1007,9620846,"10.5","GA"
"511",NA,"Hawaii",15,2009,2009,136,1346717,"10.1","HI"
"512",NA,"Idaho",16,2009,2009,171,1554439,"11","ID"
"513",NA,"Illinois",17,2009,2009,1381,12796778,"10.8","IL"
"514",NA,"Indiana",18,2009,2009,896,6459325,"13.9","IN"
"515",NA,"Iowa",19,2009,2009,207,3032870,"6.8","IA"
"516",NA,"Kansas",20,2009,2009,304,2832704,"10.7","KS"
"517",NA,"Kentucky",21,2009,2009,769,4317074,"17.8","KY"
"518",NA,"Louisiana",22,2009,2009,584,4491648,"13","LA"
"519",NA,"Maine",23,2009,2009,173,1329590,"13","ME"
"520",NA,"Maryland",24,2009,2009,743,5730388,"13","MD"
"521",NA,"Massachusetts",25,2009,2009,816,6517613,"12.5","MA"
"522",NA,"Michigan",26,2009,2009,1429,9901591,"14.4","MI"
"523",NA,"Minnesota",27,2009,2009,419,5281203,"7.9","MN"
"524",NA,"Mississippi",28,2009,2009,323,2958774,"10.9","MS"
"525",NA,"Missouri",29,2009,2009,863,5961088,"14.5","MO"
"526",NA,"Montana",30,2009,2009,142,983982,"14.4","MT"
"527",NA,"Nebraska",31,2009,2009,106,1812683,"5.8","NE"
"528",NA,"Nevada",32,2009,2009,550,2684665,"20.5","NV"
"529",NA,"New Hampshire",33,2009,2009,168,1316102,"12.8","NH"
"530",NA,"New Jersey",34,2009,2009,263,8755602,"3","NJ"
"531",NA,"New Mexico",35,2009,2009,438,2036802,"21.5","NM"
"532",NA,"New York",36,2009,2009,1592,19307066,"8.2","NY"
"533",NA,"North Carolina",37,2009,2009,1191,9449566,"12.6","NC"
"534",NA,"North Dakota",38,2009,2009,27,664968,"4.1","ND"
"535",NA,"Ohio",39,2009,2009,1236,11528896,"10.7","OH"
"536",NA,"Oklahoma",40,2009,2009,756,3717572,"20.3","OK"
"537",NA,"Oregon",41,2009,2009,501,3808600,"13.2","OR"
"538",NA,"Pennsylvania",42,2009,2009,1909,12666858,"15.1","PA"
"539",NA,"Rhode Island",44,2009,2009,161,1053646,"15.3","RI"
"540",NA,"South Carolina",45,2009,2009,615,4589872,"13.4","SC"
"541",NA,"South Dakota",46,2009,2009,49,807067,"6.1","SD"
"542",NA,"Tennessee",47,2009,2009,962,6306019,"15.3","TN"
"543",NA,"Texas",48,2009,2009,2409,24801761,"9.7","TX"
"544",NA,"Utah",49,2009,2009,478,2723421,"17.6","UT"
"545",NA,"Vermont",50,2009,2009,55,624817,"8.8","VT"
"546",NA,"Virginia",51,2009,2009,685,7925937,"8.6","VA"
"547",NA,"Washington",53,2009,2009,987,6667426,"14.8","WA"
"548",NA,"West Virginia",54,2009,2009,226,1847775,"12.2","WV"
"549",NA,"Wisconsin",55,2009,2009,631,5669264,"11.1","WI"
"550",NA,"Wyoming",56,2009,2009,60,559851,"10.7","WY"
"551",NA,"Alabama",1,2010,2010,547,4779736,"11.4","AL"
"552",NA,"Alaska",2,2010,2010,83,710231,"11.7","AK"
"553",NA,"Arizona",4,2010,2010,1098,6392017,"17.2","AZ"
"554",NA,"Arkansas",5,2010,2010,350,2915918,"12","AR"
"555",NA,"California",6,2010,2010,4057,37253956,"10.9","CA"
"556",NA,"Colorado",8,2010,2010,654,5029196,"13","CO"
"557",NA,"Connecticut",9,2010,2010,363,3574097,"10.2","CT"
"558",NA,"Delaware",10,2010,2010,145,897934,"16.1","DE"
"559",NA,"Florida",12,2010,2010,3061,18801310,"16.3","FL"
"560",NA,"Georgia",13,2010,2010,1054,9687653,"10.9","GA"
"561",NA,"Hawaii",15,2010,2010,151,1360301,"11.1","HI"
"562",NA,"Idaho",16,2010,2010,178,1567582,"11.4","ID"
"563",NA,"Illinois",17,2010,2010,1288,12830632,"10","IL"
"564",NA,"Indiana",18,2010,2010,927,6483802,"14.3","IN"
"565",NA,"Iowa",19,2010,2010,253,3046355,"8.3","IA"
"566",NA,"Kansas",20,2010,2010,269,2853118,"9.4","KS"
"567",NA,"Kentucky",21,2010,2010,1007,4339367,"23.2","KY"
"568",NA,"Louisiana",22,2010,2010,591,4533372,"13","LA"
"569",NA,"Maine",23,2010,2010,135,1328361,"10.2","ME"
"570",NA,"Maryland",24,2010,2010,650,5773552,"11.3","MD"
"571",NA,"Massachusetts",25,2010,2010,738,6547629,"11.3","MA"
"572",NA,"Michigan",26,2010,2010,1394,9883640,"14.1","MI"
"573",NA,"Minnesota",27,2010,2010,397,5303925,"7.5","MN"
"574",NA,"Mississippi",28,2010,2010,334,2967297,"11.3","MS"
"575",NA,"Missouri",29,2010,2010,998,5988927,"16.7","MO"
"576",NA,"Montana",30,2010,2010,118,989415,"11.9","MT"
"577",NA,"Nebraska",31,2010,2010,117,1826341,"6.4","NE"
"578",NA,"Nevada",32,2010,2010,578,2700551,"21.4","NV"
"579",NA,"New Hampshire",33,2010,2010,160,1316470,"12.2","NH"
"580",NA,"New Jersey",34,2010,2010,868,8791894,"9.9","NJ"
"581",NA,"New Mexico",35,2010,2010,478,2059179,"23.2","NM"
"582",NA,"New York",36,2010,2010,1557,19378102,"8","NY"
"583",NA,"North Carolina",37,2010,2010,1093,9535483,"11.5","NC"
"584",NA,"North Dakota",38,2010,2010,23,672591,"3.4","ND"
"585",NA,"Ohio",39,2010,2010,1835,11536504,"15.9","OH"
"586",NA,"Oklahoma",40,2010,2010,717,3751351,"19.1","OK"
"587",NA,"Oregon",41,2010,2010,503,3831074,"13.1","OR"
"588",NA,"Pennsylvania",42,2010,2010,1916,12702379,"15.1","PA"
"589",NA,"Rhode Island",44,2010,2010,167,1052567,"15.9","RI"
"590",NA,"South Carolina",45,2010,2010,678,4625364,"14.7","SC"
"591",NA,"South Dakota",46,2010,2010,45,814180,"5.5","SD"
"592",NA,"Tennessee",47,2010,2010,1080,6346105,"17","TN"
"593",NA,"Texas",48,2010,2010,2399,25145561,"9.5","TX"
"594",NA,"Utah",49,2010,2010,433,2763885,"15.7","UT"
"595",NA,"Vermont",50,2010,2010,63,625741,"10.1","VT"
"596",NA,"Virginia",51,2010,2010,558,8001024,"7","VA"
"597",NA,"Washington",53,2010,2010,916,6724540,"13.6","WA"
"598",NA,"West Virginia",54,2010,2010,512,1852994,"27.6","WV"
"599",NA,"Wisconsin",55,2010,2010,630,5686986,"11.1","WI"
"600",NA,"Wyoming",56,2010,2010,85,563626,"15.1","WY"
"601",NA,"Alabama",1,2011,2011,552,4802740,"11.5","AL"
"602",NA,"Alaska",2,2011,2011,107,722718,"14.8","AK"
"603",NA,"Arizona",4,2011,2011,1071,6482505,"16.5","AZ"
"604",NA,"Arkansas",5,2011,2011,355,2937979,"12.1","AR"
"605",NA,"California",6,2011,2011,4180,37691912,"11.1","CA"
"606",NA,"Colorado",8,2011,2011,843,5116796,"16.5","CO"
"607",NA,"Connecticut",9,2011,2011,402,3580709,"11.2","CT"
"608",NA,"Delaware",10,2011,2011,160,907135,"17.6","DE"
"609",NA,"Florida",12,2011,2011,2918,19057542,"15.3","FL"
"610",NA,"Georgia",13,2011,2011,1058,9815210,"10.8","GA"
"611",NA,"Hawaii",15,2011,2011,180,1374810,"13.1","HI"
"612",NA,"Idaho",16,2011,2011,193,1584985,"12.2","ID"
"613",NA,"Illinois",17,2011,2011,1408,12869257,"10.9","IL"
"614",NA,"Indiana",18,2011,2011,975,6516922,"15","IN"
"615",NA,"Iowa",19,2011,2011,250,3062309,"8.2","IA"
"616",NA,"Kansas",20,2011,2011,280,2871238,"9.8","KS"
"617",NA,"Kentucky",21,2011,2011,1058,4369356,"24.2","KY"
"618",NA,"Louisiana",22,2011,2011,601,4574836,"13.1","LA"
"619",NA,"Maine",23,2011,2011,156,1328188,"11.7","ME"
"620",NA,"Maryland",24,2011,2011,707,5828289,"12.1","MD"
"621",NA,"Massachusetts",25,2011,2011,857,6587536,"13","MA"
"622",NA,"Michigan",26,2011,2011,1386,9876187,"14","MI"
"623",NA,"Minnesota",27,2011,2011,511,5344861,"9.6","MN"
"624",NA,"Mississippi",28,2011,2011,302,2978512,"10.1","MS"
"625",NA,"Missouri",29,2011,2011,963,6010688,"16","MO"
"626",NA,"Montana",30,2011,2011,141,998199,"14.1","MT"
"627",NA,"Nebraska",31,2011,2011,129,1842641,"7","NE"
"628",NA,"Nevada",32,2011,2011,639,2723322,"23.5","NV"
"629",NA,"New Hampshire",33,2011,2011,210,1318194,"15.9","NH"
"630",NA,"New Jersey",34,2011,2011,1012,8821155,"11.5","NJ"
"631",NA,"New Mexico",35,2011,2011,529,2082224,"25.4","NM"
"632",NA,"New York",36,2011,2011,1948,19465197,"10","NY"
"633",NA,"North Carolina",37,2011,2011,1264,9656401,"13.1","NC"
"634",NA,"North Dakota",38,2011,2011,16,683932,NA,"ND"
"635",NA,"Ohio",39,2011,2011,2025,11544951,"17.5","OH"
"636",NA,"Oklahoma",40,2011,2011,703,3791508,"18.5","OK"
"637",NA,"Oregon",41,2011,2011,532,3871859,"13.7","OR"
"638",NA,"Pennsylvania",42,2011,2011,2289,12742886,"18","PA"
"639",NA,"Rhode Island",44,2011,2011,190,1051302,"18.1","RI"
"640",NA,"South Carolina",45,2011,2011,618,4679230,"13.2","SC"
"641",NA,"South Dakota",46,2011,2011,57,824082,"6.9","SD"
"642",NA,"Tennessee",47,2011,2011,1090,6403353,"17","TN"
"643",NA,"Texas",48,2011,2011,2589,25674681,"10.1","TX"
"644",NA,"Utah",49,2011,2011,504,2817222,"17.9","UT"
"645",NA,"Vermont",50,2011,2011,83,626431,"13.2","VT"
"646",NA,"Virginia",51,2011,2011,798,8096604,"9.9","VA"
"647",NA,"Washington",53,2011,2011,997,6830038,"14.6","WA"
"648",NA,"West Virginia",54,2011,2011,635,1855364,"34.2","WV"
"649",NA,"Wisconsin",55,2011,2011,698,5711767,"12.2","WI"
"650",NA,"Wyoming",56,2011,2011,85,568158,"15","WY"
"651",NA,"Alabama",1,2012,2012,562,4822023,"11.7","AL"
"652",NA,"Alaska",2,2012,2012,129,731449,"17.6","AK"
"653",NA,"Arizona",4,2012,2012,1134,6553255,"17.3","AZ"
"654",NA,"Arkansas",5,2012,2012,373,2949131,"12.6","AR"
"655",NA,"California",6,2012,2012,4040,38041430,"10.6","CA"
"656",NA,"Colorado",8,2012,2012,807,5187582,"15.6","CO"
"657",NA,"Connecticut",9,2012,2012,439,3590347,"12.2","CT"
"658",NA,"Delaware",10,2012,2012,141,917092,"15.4","DE"
"659",NA,"Florida",12,2012,2012,2597,19317568,"13.4","FL"
"660",NA,"Georgia",13,2012,2012,1056,9919945,"10.6","GA"
"661",NA,"Hawaii",15,2012,2012,155,1392313,"11.1","HI"
"662",NA,"Idaho",16,2012,2012,181,1595728,"11.3","ID"
"663",NA,"Illinois",17,2012,2012,1628,12875255,"12.6","IL"
"664",NA,"Indiana",18,2012,2012,1011,6537334,"15.5","IN"
"665",NA,"Iowa",19,2012,2012,259,3074186,"8.4","IA"
"666",NA,"Kansas",20,2012,2012,318,2885905,"11","KS"
"667",NA,"Kentucky",21,2012,2012,1078,4380415,"24.6","KY"
"668",NA,"Louisiana",22,2012,2012,566,4601893,"12.3","LA"
"669",NA,"Maine",23,2012,2012,150,1329192,"11.3","ME"
"670",NA,"Maryland",24,2012,2012,831,5884563,"14.1","MD"
"671",NA,"Massachusetts",25,2012,2012,859,6646144,"12.9","MA"
"672",NA,"Michigan",26,2012,2012,1308,9883360,"13.2","MI"
"673",NA,"Minnesota",27,2012,2012,482,5379139,"9","MN"
"674",NA,"Mississippi",28,2012,2012,310,2984926,"10.4","MS"
"675",NA,"Missouri",29,2012,2012,942,6021988,"15.6","MO"
"676",NA,"Montana",30,2012,2012,118,1005141,"11.7","MT"
"677",NA,"Nebraska",31,2012,2012,146,1855525,"7.9","NE"
"678",NA,"Nevada",32,2012,2012,602,2758931,"21.8","NV"
"679",NA,"New Hampshire",33,2012,2012,173,1320718,"13.1","NH"
"680",NA,"New Jersey",34,2012,2012,1222,8864590,"13.8","NJ"
"681",NA,"New Mexico",35,2012,2012,492,2085538,"23.6","NM"
"682",NA,"New York",36,2012,2012,2106,19570261,"10.8","NY"
"683",NA,"North Carolina",37,2012,2012,1298,9752073,"13.3","NC"
"684",NA,"North Dakota",38,2012,2012,21,699628,"3","ND"
"685",NA,"Ohio",39,2012,2012,2125,11544225,"18.4","OH"
"686",NA,"Oklahoma",40,2012,2012,771,3814820,"20.2","OK"
"687",NA,"Oregon",41,2012,2012,490,3899353,"12.6","OR"
"688",NA,"Pennsylvania",42,2012,2012,2365,12763536,"18.5","PA"
"689",NA,"Rhode Island",44,2012,2012,196,1050292,"18.7","RI"
"690",NA,"South Carolina",45,2012,2012,587,4723723,"12.4","SC"
"691",NA,"South Dakota",46,2012,2012,42,833354,"5","SD"
"692",NA,"Tennessee",47,2012,2012,1131,6456243,"17.5","TN"
"693",NA,"Texas",48,2012,2012,2447,26059203,"9.4","TX"
"694",NA,"Utah",49,2012,2012,601,2855287,"21","UT"
"695",NA,"Vermont",50,2012,2012,70,626011,"11.2","VT"
"696",NA,"Virginia",51,2012,2012,733,8185867,"9","VA"
"697",NA,"Washington",53,2012,2012,985,6897012,"14.3","WA"
"698",NA,"West Virginia",54,2012,2012,558,1855413,"30.1","WV"
"699",NA,"Wisconsin",55,2012,2012,692,5726398,"12.1","WI"
"700",NA,"Wyoming",56,2012,2012,98,576412,"17","WY"
"701",NA,"Alabama",1,2013,2013,598,4833722,"12.4","AL"
"702",NA,"Alaska",2,2013,2013,105,735132,"14.3","AK"
"703",NA,"Arizona",4,2013,2013,1222,6626624,"18.4","AZ"
"704",NA,"Arkansas",5,2013,2013,319,2959373,"10.8","AR"
"705",NA,"California",6,2013,2013,4452,38332521,"11.6","CA"
"706",NA,"Colorado",8,2013,2013,846,5268367,"16.1","CO"
"707",NA,"Connecticut",9,2013,2013,582,3596080,"16.2","CT"
"708",NA,"Delaware",10,2013,2013,166,925749,"17.9","DE"
"709",NA,"Florida",12,2013,2013,2474,19552860,"12.7","FL"
"710",NA,"Georgia",13,2013,2013,1098,9992167,"11","GA"
"711",NA,"Hawaii",15,2013,2013,158,1404054,"11.3","HI"
"712",NA,"Idaho",16,2013,2013,207,1612136,"12.8","ID"
"713",NA,"Illinois",17,2013,2013,1579,12882135,"12.3","IL"
"714",NA,"Indiana",18,2013,2013,1064,6570902,"16.2","IN"
"715",NA,"Iowa",19,2013,2013,275,3090416,"8.9","IA"
"716",NA,"Kansas",20,2013,2013,331,2893957,"11.4","KS"
"717",NA,"Kentucky",21,2013,2013,1019,4395295,"23.2","KY"
"718",NA,"Louisiana",22,2013,2013,809,4625470,"17.5","LA"
"719",NA,"Maine",23,2013,2013,174,1328302,"13.1","ME"
"720",NA,"Maryland",24,2013,2013,892,5928814,"15","MD"
"721",NA,"Massachusetts",25,2013,2013,1081,6692824,"16.2","MA"
"722",NA,"Michigan",26,2013,2013,1553,9895622,"15.7","MI"
"723",NA,"Minnesota",27,2013,2013,523,5420380,"9.6","MN"
"724",NA,"Mississippi",28,2013,2013,316,2991207,"10.6","MS"
"725",NA,"Missouri",29,2013,2013,1025,6044171,"17","MO"
"726",NA,"Montana",30,2013,2013,137,1015165,"13.5","MT"
"727",NA,"Nebraska",31,2013,2013,117,1868516,"6.3","NE"
"728",NA,"Nevada",32,2013,2013,614,2790136,"22","NV"
"729",NA,"New Hampshire",33,2013,2013,203,1323459,"15.3","NH"
"730",NA,"New Jersey",34,2013,2013,1294,8899339,"14.5","NJ"
"731",NA,"New Mexico",35,2013,2013,458,2085287,"22","NM"
"732",NA,"New York",36,2013,2013,2309,19651127,"11.7","NY"
"733",NA,"North Carolina",37,2013,2013,1259,9848060,"12.8","NC"
"734",NA,"North Dakota",38,2013,2013,20,723393,"2.8","ND"
"735",NA,"Ohio",39,2013,2013,2347,11570808,"20.3","OH"
"736",NA,"Oklahoma",40,2013,2013,790,3850568,"20.5","OK"
"737",NA,"Oregon",41,2013,2013,455,3930065,"11.6","OR"
"738",NA,"Pennsylvania",42,2013,2013,2426,12773801,"19","PA"
"739",NA,"Rhode Island",44,2013,2013,241,1051511,"22.9","RI"
"740",NA,"South Carolina",45,2013,2013,620,4774839,"13","SC"
"741",NA,"South Dakota",46,2013,2013,55,844877,"6.5","SD"
"742",NA,"Tennessee",47,2013,2013,1187,6495978,"18.3","TN"
"743",NA,"Texas",48,2013,2013,2446,26448193,"9.2","TX"
"744",NA,"Utah",49,2013,2013,594,2900872,"20.5","UT"
"745",NA,"Vermont",50,2013,2013,93,626630,"14.8","VT"
"746",NA,"Virginia",51,2013,2013,854,8260405,"10.3","VA"
"747",NA,"Washington",53,2013,2013,969,6971406,"13.9","WA"
"748",NA,"West Virginia",54,2013,2013,570,1854304,"30.7","WV"
"749",NA,"Wisconsin",55,2013,2013,856,5742713,"14.9","WI"
"750",NA,"Wyoming",56,2013,2013,98,582658,"16.8","WY"
"751",NA,"Alabama",1,2014,2014,723,4849377,"14.9","AL"
"752",NA,"Alaska",2,2014,2014,124,736732,"16.8","AK"
"753",NA,"Arizona",4,2014,2014,1211,6731484,"18","AZ"
"754",NA,"Arkansas",5,2014,2014,356,2966369,"12","AR"
"755",NA,"California",6,2014,2014,4521,38802500,"11.7","CA"
"756",NA,"Colorado",8,2014,2014,899,5355866,"16.8","CO"
"757",NA,"Connecticut",9,2014,2014,623,3596677,"17.3","CT"
"758",NA,"Delaware",10,2014,2014,189,935614,"20.2","DE"
"759",NA,"Florida",12,2014,2014,2634,19893297,"13.2","FL"
"760",NA,"Georgia",13,2014,2014,1206,10097343,"11.9","GA"
"761",NA,"Hawaii",15,2014,2014,157,1419561,"11.1","HI"
"762",NA,"Idaho",16,2014,2014,212,1634464,"13","ID"
"763",NA,"Illinois",17,2014,2014,1705,12880580,"13.2","IL"
"764",NA,"Indiana",18,2014,2014,1172,6596855,"17.8","IN"
"765",NA,"Iowa",19,2014,2014,264,3107126,"8.5","IA"
"766",NA,"Kansas",20,2014,2014,332,2904021,"11.4","KS"
"767",NA,"Kentucky",21,2014,2014,1077,4413457,"24.4","KY"
"768",NA,"Louisiana",22,2014,2014,777,4649676,"16.7","LA"
"769",NA,"Maine",23,2014,2014,216,1330089,"16.2","ME"
"770",NA,"Maryland",24,2014,2014,1070,5976407,"17.9","MD"
"771",NA,"Massachusetts",25,2014,2014,1289,6745408,"19.1","MA"
"772",NA,"Michigan",26,2014,2014,1762,9909877,"17.8","MI"
"773",NA,"Minnesota",27,2014,2014,517,5457173,"9.5","MN"
"774",NA,"Mississippi",28,2014,2014,336,2994079,"11.2","MS"
"775",NA,"Missouri",29,2014,2014,1067,6063589,"17.6","MO"
"776",NA,"Montana",30,2014,2014,125,1023579,"12.2","MT"
"777",NA,"Nebraska",31,2014,2014,125,1881503,"6.6","NE"
"778",NA,"Nevada",32,2014,2014,545,2839099,"19.2","NV"
"779",NA,"New Hampshire",33,2014,2014,334,1326813,"25.2","NH"
"780",NA,"New Jersey",34,2014,2014,1253,8938175,"14","NJ"
"781",NA,"New Mexico",35,2014,2014,547,2085572,"26.2","NM"
"782",NA,"New York",36,2014,2014,2300,19746227,"11.6","NY"
"783",NA,"North Carolina",37,2014,2014,1358,9943964,"13.7","NC"
"784",NA,"North Dakota",38,2014,2014,43,739482,"5.8","ND"
"785",NA,"Ohio",39,2014,2014,2744,11594163,"23.7","OH"
"786",NA,"Oklahoma",40,2014,2014,777,3878051,"20","OK"
"787",NA,"Oregon",41,2014,2014,522,3970239,"13.1","OR"
"788",NA,"Pennsylvania",42,2014,2014,2732,12787209,"21.4","PA"
"789",NA,"Rhode Island",44,2014,2014,247,1055173,"23.4","RI"
"790",NA,"South Carolina",45,2014,2014,701,4832482,"14.5","SC"
"791",NA,"South Dakota",46,2014,2014,63,853175,"7.4","SD"
"792",NA,"Tennessee",47,2014,2014,1269,6549352,"19.4","TN"
"793",NA,"Texas",48,2014,2014,2601,26956958,"9.6","TX"
"794",NA,"Utah",49,2014,2014,603,2942902,"20.5","UT"
"795",NA,"Vermont",50,2014,2014,83,626562,"13.2","VT"
"796",NA,"Virginia",51,2014,2014,980,8326289,"11.8","VA"
"797",NA,"Washington",53,2014,2014,979,7061530,"13.9","WA"
"798",NA,"West Virginia",54,2014,2014,627,1850326,"33.9","WV"
"799",NA,"Wisconsin",55,2014,2014,853,5757564,"14.8","WI"
"800",NA,"Wyoming",56,2014,2014,109,584153,"18.7","WY"
"801",NA,"Alabama",1,2015,2015,736,4858979,"15.1","AL"
"802",NA,"Alaska",2,2015,2015,122,738432,"16.5","AK"
"803",NA,"Arizona",4,2015,2015,1274,6828065,"18.7","AZ"
"804",NA,"Arkansas",5,2015,2015,392,2978204,"13.2","AR"
"805",NA,"California",6,2015,2015,4659,39144818,"11.9","CA"
"806",NA,"Colorado",8,2015,2015,869,5456574,"15.9","CO"
"807",NA,"Connecticut",9,2015,2015,800,3590886,"22.3","CT"
"808",NA,"Delaware",10,2015,2015,198,945934,"20.9","DE"
"809",NA,"Florida",12,2015,2015,3228,20271272,"15.9","FL"
"810",NA,"Georgia",13,2015,2015,1302,10214860,"12.7","GA"
"811",NA,"Hawaii",15,2015,2015,169,1431603,"11.8","HI"
"812",NA,"Idaho",16,2015,2015,218,1654930,"13.2","ID"
"813",NA,"Illinois",17,2015,2015,1835,12859995,"14.3","IL"
"814",NA,"Indiana",18,2015,2015,1245,6619680,"18.8","IN"
"815",NA,"Iowa",19,2015,2015,309,3123899,"9.9","IA"
"816",NA,"Kansas",20,2015,2015,329,2911641,"11.3","KS"
"817",NA,"Kentucky",21,2015,2015,1273,4425092,"28.8","KY"
"818",NA,"Louisiana",22,2015,2015,861,4670724,"18.4","LA"
"819",NA,"Maine",23,2015,2015,269,1329328,"20.2","ME"
"820",NA,"Maryland",24,2015,2015,1285,6006401,"21.4","MD"
"821",NA,"Massachusetts",25,2015,2015,1724,6794422,"25.4","MA"
"822",NA,"Michigan",26,2015,2015,1980,9922576,"20","MI"
"823",NA,"Minnesota",27,2015,2015,581,5489594,"10.6","MN"
"824",NA,"Mississippi",28,2015,2015,351,2992333,"11.7","MS"
"825",NA,"Missouri",29,2015,2015,1066,6083672,"17.5","MO"
"826",NA,"Montana",30,2015,2015,138,1032949,"13.4","MT"
"827",NA,"Nebraska",31,2015,2015,126,1896190,"6.6","NE"
"828",NA,"Nevada",32,2015,2015,619,2890845,"21.4","NV"
"829",NA,"New Hampshire",33,2015,2015,422,1330608,"31.7","NH"
"830",NA,"New Jersey",34,2015,2015,1454,8958013,"16.2","NJ"
"831",NA,"New Mexico",35,2015,2015,501,2085109,"24","NM"
"832",NA,"New York",36,2015,2015,2754,19795791,"13.9","NY"
"833",NA,"North Carolina",37,2015,2015,1567,10042802,"15.6","NC"
"834",NA,"North Dakota",38,2015,2015,61,756927,"8.1","ND"
"835",NA,"Ohio",39,2015,2015,3310,11613423,"28.5","OH"
"836",NA,"Oklahoma",40,2015,2015,725,3911338,"18.5","OK"
"837",NA,"Oregon",41,2015,2015,505,4028977,"12.5","OR"
"838",NA,"Pennsylvania",42,2015,2015,3264,12802503,"25.5","PA"
"839",NA,"Rhode Island",44,2015,2015,310,1056298,"29.3","RI"
"840",NA,"South Carolina",45,2015,2015,761,4896146,"15.5","SC"
"841",NA,"South Dakota",46,2015,2015,65,858469,"7.6","SD"
"842",NA,"Tennessee",47,2015,2015,1457,6600299,"22.1","TN"
"843",NA,"Texas",48,2015,2015,2588,27469114,"9.4","TX"
"844",NA,"Utah",49,2015,2015,646,2995919,"21.6","UT"
"845",NA,"Vermont",50,2015,2015,99,626042,"15.8","VT"
"846",NA,"Virginia",51,2015,2015,1039,8382993,"12.4","VA"
"847",NA,"Washington",53,2015,2015,1094,7170351,"15.3","WA"
"848",NA,"West Virginia",54,2015,2015,725,1844128,"39.3","WV"
"849",NA,"Wisconsin",55,2015,2015,878,5771337,"15.2","WI"
"850",NA,"Wyoming",56,2015,2015,96,586107,"16.4","WY"
"851",NA,"Alabama",1,2016,2016,756,4863300,"15.5","AL"
"852",NA,"Alaska",2,2016,2016,128,741894,"17.3","AK"
"853",NA,"Arizona",4,2016,2016,1382,6931071,"19.9","AZ"
"854",NA,"Arkansas",5,2016,2016,401,2988248,"13.4","AR"
"855",NA,"California",6,2016,2016,4654,39250017,"11.9","CA"
"856",NA,"Colorado",8,2016,2016,942,5540545,"17","CO"
"857",NA,"Connecticut",9,2016,2016,971,3576452,"27.1","CT"
"858",NA,"Delaware",10,2016,2016,282,952065,"29.6","DE"
"859",NA,"Florida",12,2016,2016,4728,20612439,"22.9","FL"
"860",NA,"Georgia",13,2016,2016,1394,10310371,"13.5","GA"
"861",NA,"Hawaii",15,2016,2016,191,1428557,"13.4","HI"
"862",NA,"Idaho",16,2016,2016,243,1683140,"14.4","ID"
"863",NA,"Illinois",17,2016,2016,2411,12801539,"18.8","IL"
"864",NA,"Indiana",18,2016,2016,1526,6633053,"23","IN"
"865",NA,"Iowa",19,2016,2016,314,3134693,"10","IA"
"866",NA,"Kansas",20,2016,2016,313,2907289,"10.8","KS"
"867",NA,"Kentucky",21,2016,2016,1419,4436974,"32","KY"
"868",NA,"Louisiana",22,2016,2016,996,4681666,"21.3","LA"
"869",NA,"Maine",23,2016,2016,353,1331479,"26.5","ME"
"870",NA,"Maryland",24,2016,2016,2044,6016447,"34","MD"
"871",NA,"Massachusetts",25,2016,2016,2227,6811779,"32.7","MA"
"872",NA,"Michigan",26,2016,2016,2347,9928300,"23.6","MI"
"873",NA,"Minnesota",27,2016,2016,672,5519952,"12.2","MN"
"874",NA,"Mississippi",28,2016,2016,352,2988726,"11.8","MS"
"875",NA,"Missouri",29,2016,2016,1371,6093000,"22.5","MO"
"876",NA,"Montana",30,2016,2016,119,1042520,"11.4","MT"
"877",NA,"Nebraska",31,2016,2016,120,1907116,"6.3","NE"
"878",NA,"Nevada",32,2016,2016,665,2940058,"22.6","NV"
"879",NA,"New Hampshire",33,2016,2016,481,1334795,"36","NH"
"880",NA,"New Jersey",34,2016,2016,2056,8944469,"23","NJ"
"881",NA,"New Mexico",35,2016,2016,500,2081015,"24","NM"
"882",NA,"New York",36,2016,2016,3638,19745289,"18.4","NY"
"883",NA,"North Carolina",37,2016,2016,1956,10146788,"19.3","NC"
"884",NA,"North Dakota",38,2016,2016,77,757952,"10.2","ND"
"885",NA,"Ohio",39,2016,2016,4329,11614373,"37.3","OH"
"886",NA,"Oklahoma",40,2016,2016,813,3923561,"20.7","OK"
"887",NA,"Oregon",41,2016,2016,506,4093465,"12.4","OR"
"888",NA,"Pennsylvania",42,2016,2016,4627,12784227,"36.2","PA"
"889",NA,"Rhode Island",44,2016,2016,326,1056426,"30.9","RI"
"890",NA,"South Carolina",45,2016,2016,879,4961119,"17.7","SC"
"891",NA,"South Dakota",46,2016,2016,69,865454,"8","SD"
"892",NA,"Tennessee",47,2016,2016,1630,6651194,"24.5","TN"
"893",NA,"Texas",48,2016,2016,2831,27862596,"10.2","TX"
"894",NA,"Utah",49,2016,2016,635,3051217,"20.8","UT"
"895",NA,"Vermont",50,2016,2016,125,624594,"20","VT"
"896",NA,"Virginia",51,2016,2016,1405,8411808,"16.7","VA"
"897",NA,"Washington",53,2016,2016,1102,7288000,"15.1","WA"
"898",NA,"West Virginia",54,2016,2016,884,1831102,"48.3","WV"
"899",NA,"Wisconsin",55,2016,2016,1074,5778708,"18.6","WI"
"900",NA,"Wyoming",56,2016,2016,99,585501,"16.9","WY"
